init_x,init_y,next_x,next_y
0.140113,1.505115,-0.096759,1.327133
1.655174,0.534796,2.022740,1.214641
1.787097,0.856040,0.123411,0.293121
1.085625,0.007793,1.342383,0.064588
1.230708,0.972492,-0.163644,-0.667276
0.532906,0.070383,0.536908,1.257601
0.524795,1.389883,0.072546,-1.049495
1.500899,0.996730,1.040898,0.051203
0.018380,0.367064,-0.457754,-0.162062
0.587803,1.060687,0.383472,0.200436
