init_x,init_y,next_x,next_y
1.199180,1.183410,1.469031,1.497531
