init_x,init_y,next_x,next_y
1.713503,0.728429,2.935228,0.526206
0.170665,1.527731,1.675723,0.919023
0.539668,0.637131,-0.465806,-0.090973
1.062353,0.594738,1.698846,1.990168
1.806700,0.166644,-0.350859,0.067614
